<?xml version="1.0" ?>
<container xmlns="http://symfony.com/schema/dic/services"
    xmlns:xsi="http://www.w3.org/2001/XMLSchema-instance"
    xsi:schemaLocation="http://symfony.com/schema/dic/services http://symfony.com/schema/dic/services/services-1.0.xsd">

    <services>
    	<service id="riResultList.ResultList" class="plugins\riResultList\ResultList" scope="prototype">
    	</service>
    	<service id="riResultList.ResultSource" class="plugins\riResultList\ResultSource" scope="prototype">
    	</service>
        <service id="riResultList.Paginator" class="plugins\riResultList\Paginator" scope="prototype">
        </service>
    </services>

</container>