<?xml version="1.0" ?>
<container xmlns="http://symfony.com/schema/dic/services"
    xmlns:xsi="http://www.w3.org/2001/XMLSchema-instance"
    xsi:schemaLocation="http://symfony.com/schema/dic/services http://symfony.com/schema/dic/services/services-1.0.xsd">

	<parameters>
    	<parameter key="locale">en</parameter>      
	</parameters>
	
    <services>
    	<service id="translation.loader.mo" class="Symfony\Component\Translation\Loader\MoFileLoader"></service>
    	<service id="translation.loader.po" class="Symfony\Component\Translation\Loader\PoFileLoader"></service>
    	<service id="translator.selector" class="Symfony\Component\Translation\MessageSelector" public="false" />
    	<service id="translator" class="Symfony\Component\Translation\Translator">
    		<argument>%locale%</argument>
    		<argument type="service" id="translator.selector" />    
    		<call method="addLoader">
    			<argument>mo</argument>
    			<argument type="service" id="translation.loader.mo" />
    		</call>	    		
    		<call method="addLoader">
    			<argument>po</argument>
    			<argument type="service" id="translation.loader.po" />
    		</call>
    	</service>    	
    	<service id="context" class="Symfony\Component\Routing\RequestContext" scope="container"></service>
    	<service id="matcher" class="Symfony\Component\Routing\Matcher\UrlMatcher" scope="container">
    		<argument>%routes%</argument>
    		<argument type="service" id="context" />
    	</service>
    	<service id="listener.router" class="Symfony\Component\HttpKernel\EventListener\RouterListener" scope="container">
    		<argument type="service" id="matcher" />
    	</service>
    	<service id="listener.response" class="Symfony\Component\HttpKernel\EventListener\ResponseListener" scope="container">
    		<argument>%charset%</argument>
    	</service>
    	<service id="listener.exception" class="Symfony\Component\HttpKernel\EventListener\ExceptionListener" scope="container">
    		<argument>plugins\\riSimplex\\Controller::exceptionAction</argument>
    	</service>
    	<service id="dispatcher" class="Symfony\Component\EventDispatcher\EventDispatcher" scope="container">
    		<call method="addSubscriber">
            	<argument type="service" id="listener.router" />
        	</call>
        	<call method="addSubscriber">
            	<argument type="service" id="listener.response" />
        	</call>
        	<call method="addSubscriber">
            	<argument type="service" id="listener.exception" />
        	</call>
    	</service>
    	                  
    </services>

</container>