<?xml version="1.0" ?>
<container xmlns="http://symfony.com/schema/dic/services"
    xmlns:xsi="http://www.w3.org/2001/XMLSchema-instance"
    xsi:schemaLocation="http://symfony.com/schema/dic/services http://symfony.com/schema/dic/services/services-1.0.xsd">

	
    <services>  
    	<service id="resolver" class="Symfony\Component\HttpKernel\Controller\ControllerResolver" scope="container"></service>       
    	<service id="riSimplex.Framework" class="plugins\riSimplex\Framework" scope="container">
    		<argument type="service" id="dispatcher"/>
    		<argument type="service" id="resolver"/>
    	</service>        
    </services>

</container>