<?xml version="1.0" ?>
<container xmlns="http://symfony.com/schema/dic/services"
    xmlns:xsi="http://www.w3.org/2001/XMLSchema-instance"
    xsi:schemaLocation="http://symfony.com/schema/dic/services http://symfony.com/schema/dic/services/services-1.0.xsd">

	<parameters>
    	<parameter key="templating.path.patterns" type="collection"></parameter>            	
	</parameters>

    <services>
    	<service id="riCore.Model" class="plugins\riCore\Model" scope="prototype">
    	</service>
    	
    	<service id="riCore.TemplateEngine" class="plugins\riCore\TemplateEngine" scope="prototype"></service>
    	
    	<service id="templating.engine.php" class="Symfony\Component\Templating\PhpEngine" scope="prototype">
    		<argument>%templating.nameparser%</argument>
    		<argument>%templating.loader%</argument>
    	</service>		
    	<service id="templating.engine.twig" class="Symfony\Bundle\TwigBundle\TwigEngine" scope="prototype"></service>
    	<service id="templating.nameparser" class="Symfony\Component\Templating\TemplateNameParser" scope="prototype"></service>
    	<service id="templating.helper.slot" class="Symfony\Component\Templating\Helper\SlotsHelper" scope="prototype"></service>
    	<service id="templating.holder.event" class="plugins\riCore\HolderHelperEvent" scope="container"></service>
    	<service id="templating.holder" class="plugins\riCore\HolderHelper" scope="container"> 
        </service> 
    	<service id="riCore.Collection" class="plugins\riCore\Collection" scope="prototype">
    	</service>   
    	
    	<service id="riCore.DatabasePatch" class="plugins\riCore\DatabasePatch"></service>
    	
    	<service id="view" class="plugins\riCore\View" scope="container">
        </service> 
        
        <service id="riCore.TemplateLoader" class="plugins\riCore\TemplateLoader" scope="prototype">        		
        	<argument>%templating.path.patterns%</argument>
        </service>                                
                    
        <service id="riCore.Event" class="plugins\riCore\Event" scope="prototype">
        </service>
        <service id="riCore.Events" class="plugins\riCore\Events" scope="container">
        </service>
        <service id="riCore.Listener" class="plugins\riCore\Listener" scope="container">
        </service>
    </services>

</container>